,0,1,2,3,4,5,6,7,8,9,10,11,12,13,14,15,16,17,18,19,20,21,22,23,24,25,26,27,28,29
0,8.0,180.0,1.0,11.0,0.0,0.0,0.0,0.0,0.0,10.0,10.0,3.0,3.0,1.0,1.0,1.0,1.0,0.0,0.0,1.0,1.0,0.0,1.0,0.0,0.0,0.0,0.0,0.0,0.0,0.0
1,15.0,224.0,0.0,20.0,7.0,0.0,0.0,0.0,0.0,19.0,19.0,9.0,9.0,1.0,1.0,1.0,1.0,0.0,0.0,0.0,0.0,0.0,0.0,1.0,0.0,0.0,0.0,8.0,1.0,0.0
2,4.0,468.0,2.0,13.0,16.0,0.0,0.0,0.0,1.0,12.0,12.0,3.0,3.0,1.0,1.0,1.0,2.0,0.0,0.0,1.0,2.0,0.0,1.0,0.0,0.0,0.0,0.0,0.0,0.0,0.0
3,17.0,250.0,1.0,15.0,0.0,0.0,0.0,0.0,0.0,14.0,14.0,2.0,2.0,1.0,1.0,1.0,1.0,0.0,0.0,2.0,3.0,0.0,1.0,1.0,0.0,0.0,0.0,0.0,0.0,0.0
4,7.0,252.0,3.0,16.0,45.0,0.0,0.0,0.0,1.0,15.0,15.0,4.0,4.0,1.0,1.0,1.0,3.0,0.0,0.0,1.0,2.0,0.0,1.0,0.0,0.0,0.0,0.0,0.0,0.0,0.0
5,14.0,224.0,0.0,20.0,7.0,0.0,0.0,0.0,0.0,19.0,19.0,9.0,9.0,1.0,1.0,1.0,1.0,0.0,0.0,0.0,0.0,0.0,0.0,1.0,0.0,0.0,0.0,8.0,1.0,0.0
6,2048.0,291.0,1.0,27.0,3.0,0.0,0.0,0.0,0.0,29.0,29.0,6.0,6.0,3.0,3.0,3.0,1.0,0.0,0.0,2.0,3.0,0.0,0.0,2.0,0.0,0.0,0.0,0.0,0.0,0.0
7,6.0,250.0,1.0,15.0,0.0,0.0,0.0,0.0,0.0,14.0,14.0,2.0,2.0,1.0,1.0,1.0,1.0,0.0,0.0,2.0,3.0,0.0,1.0,1.0,0.0,0.0,0.0,0.0,0.0,0.0
8,2.0,256.0,1.0,15.0,0.0,0.0,0.0,0.0,0.0,14.0,14.0,2.0,2.0,1.0,1.0,1.0,1.0,0.0,0.0,2.0,3.0,0.0,1.0,1.0,0.0,0.0,0.0,0.0,0.0,0.0
9,14.0,256.0,1.0,16.0,0.0,0.0,0.0,0.0,0.0,15.0,15.0,2.0,2.0,1.0,1.0,1.0,1.0,0.0,0.0,1.0,2.0,0.0,0.0,1.0,0.0,0.0,0.0,0.0,0.0,0.0
10,4.0,211.0,1.0,28.0,0.0,0.0,0.0,0.0,0.0,14.0,14.0,6.0,6.0,1.0,1.0,1.0,1.0,0.0,0.0,3.0,4.0,0.0,0.0,0.0,0.0,0.0,0.0,0.0,0.0,0.0
11,5.0,246.0,1.0,16.0,0.0,0.0,0.0,0.0,0.0,15.0,15.0,2.0,2.0,1.0,1.0,1.0,1.0,0.0,0.0,1.0,2.0,0.0,0.0,1.0,0.0,0.0,0.0,0.0,0.0,0.0
12,10.0,180.0,15.0,45.0,0.0,0.0,0.0,0.0,0.0,19.0,19.0,1.0,1.0,1.0,1.0,1.0,15.0,0.0,0.0,1.0,1.0,0.0,1.0,0.0,0.0,0.0,0.0,0.0,0.0,0.0
13,17.0,373.0,8.0,27.0,10.0,0.0,0.0,0.0,1.0,26.0,26.0,9.0,9.0,1.0,1.0,1.0,8.0,0.0,0.0,1.0,2.0,0.0,1.0,0.0,0.0,0.0,0.0,0.0,0.0,0.0
14,1.0,180.0,1.0,111714.0,0.0,0.0,0.0,0.0,0.0,11.0,11.0,3.0,3.0,0.0,1.0,0.0,1.0,0.0,0.0,3.0,4.0,0.0,0.0,0.0,0.0,0.0,0.0,0.0,0.0,0.0
15,7.0,180.0,1.0,11.0,0.0,0.0,0.0,0.0,0.0,10.0,10.0,3.0,3.0,1.0,1.0,1.0,1.0,0.0,0.0,1.0,1.0,0.0,1.0,0.0,0.0,0.0,0.0,0.0,0.0,0.0
16,14.0,180.0,1.0,15.0,0.0,0.0,0.0,0.0,0.0,14.0,14.0,2.0,2.0,1.0,1.0,1.0,1.0,0.0,0.0,2.0,3.0,0.0,1.0,1.0,0.0,0.0,0.0,0.0,0.0,0.0
17,8.0,235.0,3.0,16.0,29.0,0.0,0.0,0.0,1.0,15.0,15.0,4.0,4.0,1.0,1.0,1.0,3.0,0.0,0.0,1.0,2.0,0.0,1.0,0.0,0.0,0.0,0.0,0.0,0.0,0.0
18,15.0,256.0,1.0,16.0,0.0,0.0,0.0,0.0,0.0,15.0,15.0,2.0,2.0,1.0,1.0,1.0,1.0,0.0,0.0,1.0,2.0,0.0,0.0,1.0,0.0,0.0,0.0,0.0,0.0,0.0
19,10.0,180.0,22.0,36.0,0.0,0.0,0.0,0.0,0.0,26.0,26.0,1.0,1.0,1.0,1.0,1.0,22.0,0.0,0.0,1.0,1.0,0.0,1.0,0.0,0.0,0.0,0.0,0.0,0.0,0.0
20,13.0,475.0,7.0,25.0,16.0,0.0,0.0,0.0,1.0,24.0,24.0,8.0,8.0,1.0,1.0,1.0,7.0,0.0,0.0,1.0,2.0,0.0,1.0,0.0,0.0,0.0,0.0,0.0,0.0,0.0
21,7.0,246.0,1.0,19.0,0.0,0.0,0.0,0.0,0.0,17.0,17.0,3.0,3.0,1.0,1.0,1.0,1.0,0.0,0.0,2.0,3.0,0.0,0.0,1.0,0.0,0.0,0.0,0.0,0.0,0.0
22,138.0,257.0,1.0,104.0,8.0,0.0,0.0,0.0,0.0,299.0,299.0,62.0,62.0,46.0,46.0,24.0,23.0,0.0,1.0,149.0,149.0,23.0,0.0,0.0,0.0,0.0,0.0,0.0,0.0,0.0
23,6.0,211.0,1.0,18.0,0.0,0.0,0.0,0.0,0.0,12.0,12.0,5.0,5.0,1.0,1.0,1.0,1.0,0.0,0.0,2.0,3.0,0.0,0.0,0.0,0.0,0.0,0.0,0.0,0.0,0.0
24,4.0,180.0,1.0,14.0,0.0,0.0,0.0,0.0,0.0,13.0,13.0,2.0,2.0,1.0,1.0,1.0,1.0,0.0,0.0,2.0,3.0,0.0,1.0,1.0,0.0,0.0,0.0,0.0,0.0,0.0
25,51.0,308.0,5.0,21.0,2.0,0.0,0.0,0.0,0.0,20.0,20.0,1.0,1.0,1.0,1.0,1.0,5.0,0.0,0.0,1.0,2.0,0.0,1.0,0.0,0.0,0.0,0.0,0.0,0.0,0.0
26,6.0,256.0,1.0,16.0,0.0,0.0,0.0,0.0,0.0,15.0,15.0,2.0,2.0,1.0,1.0,1.0,1.0,0.0,0.0,1.0,2.0,0.0,0.0,1.0,0.0,0.0,0.0,0.0,0.0,0.0
27,89.0,331.0,5.0,204.0,43.0,0.0,0.0,15.0,1.0,100.0,100.0,38.0,38.0,16.0,16.0,9.0,12.0,0.0,2.0,16.0,16.0,7.0,0.0,0.0,0.0,0.0,0.0,0.0,0.0,0.0
28,11.0,224.0,0.0,20.0,7.0,0.0,0.0,0.0,0.0,19.0,19.0,9.0,9.0,1.0,1.0,1.0,1.0,0.0,0.0,0.0,0.0,0.0,0.0,1.0,0.0,0.0,0.0,8.0,1.0,0.0
29,30.0,256.0,1.0,16.0,0.0,0.0,0.0,0.0,0.0,15.0,15.0,2.0,2.0,1.0,1.0,1.0,1.0,0.0,0.0,1.0,2.0,0.0,0.0,1.0,0.0,0.0,0.0,0.0,0.0,0.0
30,12.0,224.0,0.0,20.0,7.0,0.0,0.0,0.0,0.0,19.0,19.0,9.0,9.0,1.0,1.0,1.0,1.0,0.0,0.0,0.0,0.0,0.0,0.0,1.0,0.0,0.0,0.0,8.0,1.0,0.0
31,37.0,180.0,1.0,11.0,0.0,0.0,0.0,0.0,0.0,10.0,10.0,3.0,3.0,1.0,1.0,1.0,1.0,0.0,0.0,1.0,1.0,0.0,1.0,0.0,0.0,0.0,0.0,0.0,0.0,0.0
32,10.0,360.0,5.0,21.0,9.0,0.0,0.0,0.0,1.0,20.0,20.0,6.0,6.0,1.0,1.0,1.0,5.0,0.0,0.0,1.0,2.0,0.0,1.0,0.0,0.0,0.0,0.0,0.0,0.0,0.0
33,9.0,258.0,1.0,26.0,0.0,0.0,0.0,0.0,0.0,25.0,25.0,3.0,3.0,1.0,1.0,1.0,1.0,0.0,0.0,0.0,0.0,1.0,1.0,0.0,0.0,0.0,1.0,0.0,0.0,0.0
34,10.0,258.0,1.0,31.0,0.0,0.0,0.0,0.0,0.0,30.0,30.0,4.0,4.0,1.0,1.0,1.0,1.0,0.0,0.0,1.0,2.0,1.0,1.0,0.0,0.0,0.0,1.0,0.0,0.0,0.0
35,7.0,201.0,1.0,996.0,0.0,0.0,0.0,0.0,0.0,21.0,21.0,11.0,11.0,1.0,1.0,1.0,1.0,0.0,0.0,5.0,6.0,0.0,0.0,0.0,0.0,0.0,0.0,0.0,0.0,0.0
36,4.0,300.0,1.0,15.0,0.0,0.0,0.0,0.0,0.0,14.0,14.0,2.0,2.0,1.0,1.0,1.0,1.0,0.0,0.0,2.0,3.0,0.0,1.0,1.0,0.0,0.0,0.0,0.0,0.0,0.0
37,16.0,180.0,1.0,10.0,0.0,0.0,0.0,0.0,0.0,10.0,10.0,3.0,3.0,1.0,1.0,1.0,1.0,0.0,0.0,1.0,1.0,0.0,1.0,0.0,0.0,0.0,0.0,0.0,0.0,0.0
38,8.0,180.0,1.0,10.0,0.0,0.0,0.0,0.0,0.0,19.0,19.0,9.0,9.0,1.0,1.0,1.0,1.0,0.0,0.0,0.0,0.0,0.0,0.0,1.0,0.0,0.0,0.0,8.0,1.0,0.0
39,14.0,224.0,0.0,20.0,7.0,0.0,0.0,0.0,0.0,10.0,10.0,3.0,3.0,1.0,1.0,1.0,1.0,0.0,0.0,1.0,1.0,0.0,1.0,0.0,0.0,0.0,0.0,0.0,0.0,0.0
40,9.0,180.0,1.0,9.0,0.0,0.0,0.0,0.0,0.0,19.0,19.0,9.0,9.0,1.0,1.0,1.0,1.0,0.0,0.0,0.0,0.0,0.0,0.0,1.0,0.0,0.0,0.0,8.0,1.0,0.0
41,9.0,180.0,1.0,9.0,0.0,0.0,0.0,0.0,0.0,10.0,10.0,3.0,3.0,1.0,1.0,1.0,1.0,0.0,0.0,1.0,1.0,0.0,1.0,0.0,0.0,0.0,0.0,0.0,0.0,0.0
42,12.0,180.0,1.0,9.0,0.0,0.0,0.0,0.0,0.0,10.0,10.0,3.0,3.0,1.0,1.0,1.0,1.0,0.0,0.0,1.0,1.0,0.0,1.0,0.0,0.0,0.0,0.0,0.0,0.0,0.0
43,12.0,180.0,1.0,8.0,0.0,0.0,0.0,0.0,0.0,30.0,30.0,4.0,4.0,1.0,1.0,1.0,1.0,0.0,0.0,1.0,2.0,1.0,1.0,0.0,0.0,0.0,1.0,0.0,0.0,0.0
44,4.0,180.0,1.0,14.0,0.0,0.0,0.0,0.0,0.0,10.0,10.0,3.0,3.0,1.0,1.0,1.0,1.0,0.0,0.0,1.0,1.0,0.0,1.0,0.0,0.0,0.0,0.0,0.0,0.0,0.0
45,7.0,180.0,1.0,11.0,0.0,0.0,0.0,0.0,0.0,13.0,13.0,2.0,2.0,1.0,1.0,1.0,1.0,0.0,0.0,2.0,3.0,0.0,1.0,1.0,0.0,0.0,0.0,0.0,0.0,0.0
46,16.0,180.0,1.0,10.0,0.0,0.0,0.0,0.0,0.0,19.0,19.0,9.0,9.0,1.0,1.0,1.0,1.0,0.0,0.0,0.0,0.0,0.0,0.0,1.0,0.0,0.0,0.0,8.0,1.0,0.0
47,9.0,180.0,1.0,9.0,0.0,0.0,0.0,0.0,0.0,17.0,17.0,3.0,3.0,1.0,1.0,1.0,1.0,0.0,0.0,2.0,3.0,0.0,0.0,1.0,0.0,0.0,0.0,0.0,0.0,0.0
48,15.0,224.0,0.0,20.0,7.0,0.0,0.0,0.0,0.0,10.0,10.0,3.0,3.0,1.0,1.0,1.0,1.0,0.0,0.0,1.0,1.0,0.0,1.0,0.0,0.0,0.0,0.0,0.0,0.0,0.0
49,2.0,180.0,1.0,111714.0,0.0,0.0,0.0,0.0,0.0,19.0,19.0,9.0,9.0,1.0,1.0,1.0,1.0,0.0,0.0,0.0,0.0,0.0,0.0,1.0,0.0,0.0,0.0,8.0,1.0,0.0
50,16.0,180.0,1.0,10.0,0.0,0.0,0.0,0.0,0.0,11.0,11.0,3.0,3.0,0.0,1.0,0.0,1.0,0.0,0.0,3.0,4.0,0.0,0.0,0.0,0.0,0.0,0.0,0.0,0.0,0.0
51,37.0,180.0,1.0,11.0,0.0,0.0,0.0,0.0,0.0,10.0,10.0,2.0,2.0,1.0,1.0,1.0,1.0,0.0,0.0,1.0,2.0,0.0,0.0,0.0,0.0,0.0,0.0,0.0,0.0,0.0
52,3.0,180.0,0.0,9.0,0.0,0.0,0.0,0.0,0.0,10.0,10.0,3.0,3.0,1.0,1.0,1.0,1.0,0.0,0.0,1.0,1.0,0.0,1.0,0.0,0.0,0.0,0.0,0.0,0.0,0.0
53,13.0,180.0,1.0,348.0,0.0,0.0,0.0,0.0,0.0,19.0,19.0,9.0,9.0,1.0,1.0,1.0,1.0,0.0,0.0,0.0,0.0,0.0,0.0,1.0,0.0,0.0,0.0,8.0,1.0,0.0
54,21.0,180.0,1.0,9.0,0.0,0.0,0.0,0.0,0.0,19.0,19.0,9.0,9.0,1.0,1.0,1.0,1.0,0.0,0.0,0.0,0.0,0.0,0.0,1.0,0.0,0.0,0.0,8.0,1.0,0.0
55,12.0,180.0,1.0,9.0,0.0,0.0,0.0,0.0,0.0,10.0,10.0,2.0,2.0,1.0,1.0,1.0,1.0,0.0,0.0,1.0,2.0,0.0,0.0,0.0,0.0,0.0,0.0,0.0,0.0,0.0
56,1.0,180.0,1.0,111612.0,0.0,0.0,0.0,0.0,0.0,19.0,19.0,9.0,9.0,1.0,1.0,1.0,1.0,0.0,0.0,0.0,0.0,0.0,0.0,1.0,0.0,0.0,0.0,8.0,1.0,0.0
57,9.0,180.0,1.0,9.0,0.0,0.0,0.0,0.0,0.0,15.0,15.0,2.0,2.0,1.0,1.0,1.0,1.0,0.0,0.0,2.0,3.0,0.0,1.0,1.0,0.0,0.0,0.0,0.0,0.0,0.0
58,9.0,180.0,1.0,9.0,0.0,0.0,0.0,0.0,0.0,30.0,30.0,4.0,4.0,1.0,1.0,1.0,1.0,0.0,0.0,1.0,2.0,1.0,1.0,0.0,0.0,0.0,1.0,0.0,0.0,0.0
59,4.0,180.0,1.0,14.0,0.0,0.0,0.0,0.0,0.0,19.0,19.0,9.0,9.0,1.0,1.0,1.0,1.0,0.0,0.0,0.0,0.0,0.0,0.0,1.0,0.0,0.0,0.0,8.0,1.0,0.0
60,8.0,180.0,1.0,11.0,0.0,0.0,0.0,0.0,0.0,13.0,13.0,2.0,2.0,1.0,1.0,1.0,1.0,0.0,0.0,2.0,3.0,0.0,1.0,1.0,0.0,0.0,0.0,0.0,0.0,0.0
61,7.0,180.0,1.0,10.0,0.0,0.0,0.0,0.0,0.0,10.0,10.0,3.0,3.0,1.0,1.0,1.0,1.0,0.0,0.0,1.0,1.0,0.0,1.0,0.0,0.0,0.0,0.0,0.0,0.0,0.0
62,23.0,277.0,1.0,26.0,0.0,0.0,0.0,0.0,0.0,25.0,25.0,8.0,8.0,1.0,1.0,1.0,5.0,0.0,0.0,2.0,3.0,0.0,1.0,0.0,0.0,0.0,0.0,0.0,0.0,0.0
63,13.0,180.0,1.0,348.0,0.0,0.0,0.0,0.0,0.0,14.0,14.0,2.0,2.0,1.0,1.0,1.0,1.0,0.0,0.0,2.0,3.0,0.0,1.0,1.0,0.0,0.0,0.0,0.0,0.0,0.0
64,14.0,256.0,1.0,16.0,0.0,0.0,0.0,0.0,0.0,19.0,19.0,9.0,9.0,1.0,1.0,1.0,1.0,0.0,0.0,0.0,0.0,0.0,0.0,1.0,0.0,0.0,0.0,8.0,1.0,0.0
65,2.0,180.0,1.0,111612.0,0.0,0.0,0.0,0.0,0.0,15.0,15.0,2.0,2.0,1.0,1.0,1.0,1.0,0.0,0.0,1.0,2.0,0.0,0.0,1.0,0.0,0.0,0.0,0.0,0.0,0.0
66,2.0,180.0,1.0,111612.0,0.0,0.0,0.0,0.0,0.0,19.0,19.0,9.0,9.0,1.0,1.0,1.0,1.0,0.0,0.0,0.0,0.0,0.0,0.0,1.0,0.0,0.0,0.0,8.0,1.0,0.0
67,8.0,180.0,1.0,11.0,0.0,0.0,0.0,0.0,0.0,19.0,19.0,9.0,9.0,1.0,1.0,1.0,1.0,0.0,0.0,0.0,0.0,0.0,0.0,1.0,0.0,0.0,0.0,8.0,1.0,0.0
68,7.0,250.0,1.0,15.0,0.0,0.0,0.0,0.0,0.0,10.0,10.0,3.0,3.0,1.0,1.0,1.0,1.0,0.0,0.0,1.0,1.0,0.0,1.0,0.0,0.0,0.0,0.0,0.0,0.0,0.0
69,8.0,180.0,1.0,11.0,0.0,0.0,0.0,0.0,0.0,14.0,14.0,2.0,2.0,1.0,1.0,1.0,1.0,0.0,0.0,2.0,3.0,0.0,1.0,1.0,0.0,0.0,0.0,0.0,0.0,0.0
70,8.0,180.0,1.0,10.0,0.0,0.0,0.0,0.0,0.0,10.0,10.0,3.0,3.0,1.0,1.0,1.0,1.0,0.0,0.0,1.0,1.0,0.0,1.0,0.0,0.0,0.0,0.0,0.0,0.0,0.0
71,12.0,258.0,1.0,31.0,0.0,0.0,0.0,0.0,0.0,21.0,21.0,6.0,6.0,1.0,1.0,1.0,3.0,0.0,0.0,2.0,3.0,0.0,1.0,0.0,0.0,0.0,0.0,0.0,0.0,0.0
72,2.0,180.0,0.0,8.0,0.0,0.0,0.0,0.0,0.0,30.0,30.0,4.0,4.0,1.0,1.0,1.0,1.0,0.0,0.0,1.0,2.0,1.0,1.0,0.0,0.0,0.0,1.0,0.0,0.0,0.0
73,9.0,180.0,1.0,9.0,0.0,0.0,0.0,0.0,0.0,26.0,25.0,3.0,3.0,1.0,1.0,1.0,1.0,0.0,0.0,1.0,2.0,1.0,1.0,0.0,0.0,0.0,1.0,0.0,0.0,0.0
74,7.0,201.0,1.0,996.0,0.0,0.0,0.0,0.0,0.0,15.0,15.0,4.0,4.0,1.0,1.0,1.0,3.0,0.0,0.0,1.0,2.0,0.0,1.0,0.0,0.0,0.0,0.0,0.0,0.0,0.0
75,8.0,256.0,2.0,22.0,15.0,0.0,0.0,0.0,1.0,21.0,21.0,11.0,11.0,1.0,1.0,1.0,1.0,0.0,0.0,5.0,6.0,0.0,0.0,0.0,0.0,0.0,0.0,0.0,0.0,0.0
76,15.0,224.0,0.0,20.0,7.0,0.0,0.0,0.0,0.0,21.0,21.0,10.0,10.0,1.0,1.0,1.0,2.0,0.0,0.0,0.0,0.0,0.0,0.0,1.0,0.0,0.0,0.0,8.0,1.0,0.0
77,12.0,180.0,1.0,9.0,0.0,0.0,0.0,0.0,0.0,11.0,11.0,3.0,3.0,0.0,1.0,0.0,1.0,0.0,0.0,3.0,4.0,0.0,0.0,0.0,0.0,0.0,0.0,0.0,0.0,0.0
78,3.0,250.0,1.0,15.0,0.0,0.0,0.0,0.0,0.0,19.0,19.0,1.0,1.0,1.0,1.0,1.0,15.0,0.0,0.0,1.0,1.0,0.0,1.0,0.0,0.0,0.0,0.0,0.0,0.0,0.0
79,17.0,180.0,1.0,10.0,0.0,0.0,0.0,0.0,0.0,14.0,14.0,2.0,2.0,1.0,1.0,1.0,1.0,0.0,0.0,2.0,3.0,0.0,1.0,1.0,0.0,0.0,0.0,0.0,0.0,0.0
80,15.0,180.0,1.0,10.0,0.0,0.0,0.0,0.0,0.0,35.0,35.0,33.0,32.0,0.0,0.0,2.0,1.0,0.0,6.0,0.0,0.0,0.0,0.0,1.0,0.0,0.0,0.0,9.0,0.0,0.0
81,9.0,180.0,1.0,9.0,0.0,0.0,0.0,0.0,0.0,17.0,17.0,5.0,5.0,1.0,1.0,1.0,4.0,0.0,0.0,1.0,2.0,0.0,1.0,0.0,0.0,0.0,0.0,0.0,0.0,0.0
82,17.0,352.0,7.0,25.0,14.0,0.0,0.0,0.0,1.0,25.0,25.0,4.0,4.0,1.0,1.0,1.0,5.0,0.0,0.0,1.0,1.0,0.0,1.0,0.0,0.0,0.0,0.0,0.0,0.0,0.0
83,1.0,180.0,1.0,111612.0,0.0,0.0,0.0,0.0,0.0,24.0,24.0,8.0,8.0,1.0,1.0,1.0,7.0,0.0,0.0,1.0,2.0,0.0,1.0,0.0,0.0,0.0,0.0,0.0,0.0,0.0
84,76.0,180.0,1.0,11.0,0.0,0.0,0.0,0.0,0.0,12.0,12.0,3.0,3.0,1.0,1.0,1.0,1.0,0.0,0.0,1.0,2.0,0.0,0.0,0.0,0.0,0.0,0.0,0.0,0.0,0.0
85,10.0,388.0,4.0,18.0,10.0,0.0,0.0,0.0,1.0,19.0,19.0,9.0,9.0,1.0,1.0,1.0,1.0,0.0,0.0,0.0,0.0,0.0,0.0,1.0,0.0,0.0,0.0,8.0,1.0,0.0
86,15.0,256.0,1.0,16.0,0.0,0.0,0.0,0.0,0.0,17.0,17.0,5.0,5.0,1.0,1.0,1.0,4.0,0.0,0.0,1.0,2.0,0.0,1.0,0.0,0.0,0.0,0.0,0.0,0.0,0.0
87,10.0,180.0,15.0,45.0,0.0,0.0,0.0,0.0,0.0,15.0,15.0,2.0,2.0,1.0,1.0,1.0,1.0,0.0,0.0,1.0,2.0,0.0,0.0,1.0,0.0,0.0,0.0,0.0,0.0,0.0
88,14.0,256.0,1.0,16.0,0.0,0.0,0.0,0.0,0.0,19.0,19.0,1.0,1.0,1.0,1.0,1.0,15.0,0.0,0.0,1.0,1.0,0.0,1.0,0.0,0.0,0.0,0.0,0.0,0.0,0.0
89,16.0,180.0,1.0,10.0,0.0,0.0,0.0,0.0,0.0,15.0,15.0,2.0,2.0,1.0,1.0,1.0,1.0,0.0,0.0,1.0,2.0,0.0,0.0,1.0,0.0,0.0,0.0,0.0,0.0,0.0
90,7.0,239.0,1.0,10.0,8.0,0.0,0.0,0.0,1.0,10.0,10.0,3.0,3.0,1.0,1.0,1.0,1.0,0.0,0.0,1.0,1.0,0.0,1.0,0.0,0.0,0.0,0.0,0.0,0.0,0.0
91,8.0,180.0,1.0,10.0,0.0,0.0,0.0,0.0,0.0,13.0,13.0,2.0,2.0,1.0,1.0,1.0,1.0,0.0,0.0,2.0,3.0,0.0,1.0,1.0,0.0,0.0,0.0,0.0,0.0,0.0
92,17.0,180.0,1.0,10.0,0.0,0.0,0.0,0.0,0.0,13.0,13.0,2.0,2.0,1.0,1.0,1.0,1.0,0.0,0.0,2.0,3.0,0.0,1.0,1.0,0.0,0.0,0.0,0.0,0.0,0.0
93,12.0,180.0,1.0,9.0,0.0,0.0,0.0,0.0,0.0,14.0,14.0,2.0,2.0,1.0,1.0,1.0,1.0,0.0,0.0,2.0,3.0,0.0,1.0,1.0,0.0,0.0,0.0,0.0,0.0,0.0
94,12.0,180.0,1.0,9.0,0.0,0.0,0.0,0.0,0.0,19.0,19.0,9.0,9.0,1.0,1.0,1.0,1.0,0.0,0.0,0.0,0.0,0.0,0.0,1.0,0.0,0.0,0.0,8.0,1.0,0.0
95,2.0,180.0,1.0,10.0,0.0,0.0,0.0,0.0,0.0,10.0,10.0,2.0,2.0,1.0,1.0,1.0,1.0,0.0,0.0,1.0,2.0,0.0,0.0,0.0,0.0,0.0,0.0,0.0,0.0,0.0
96,9.0,180.0,1.0,9.0,0.0,0.0,0.0,0.0,0.0,22.0,22.0,7.0,7.0,1.0,1.0,1.0,6.0,0.0,0.0,1.0,2.0,0.0,1.0,0.0,0.0,0.0,0.0,0.0,0.0,0.0
97,9.0,180.0,1.0,9.0,0.0,0.0,0.0,0.0,0.0,11.0,11.0,3.0,3.0,0.0,1.0,0.0,1.0,0.0,0.0,3.0,4.0,0.0,0.0,0.0,0.0,0.0,0.0,0.0,0.0,0.0
98,10.0,180.0,31.0,70.0,0.0,0.0,0.0,0.0,0.0,13.0,13.0,2.0,2.0,1.0,1.0,1.0,1.0,0.0,0.0,2.0,3.0,0.0,1.0,1.0,0.0,0.0,0.0,0.0,0.0,0.0
99,15.0,224.0,0.0,20.0,7.0,0.0,0.0,0.0,0.0,11.0,11.0,3.0,3.0,0.0,1.0,0.0,1.0,0.0,0.0,3.0,4.0,0.0,0.0,0.0,0.0,0.0,0.0,0.0,0.0,0.0
100,80.0,353.0,2.0,45.0,48.0,0.0,0.0,0.0,1.0,44.0,44.0,11.0,11.0,2.0,2.0,2.0,2.0,0.0,0.0,0.0,0.0,0.0,1.0,0.0,0.0,0.0,0.0,0.0,0.0,0.0
101,56.0,327.0,2.0,110.0,29.0,0.0,0.0,0.0,1.0,29.0,29.0,9.0,9.0,2.0,2.0,2.0,2.0,0.0,1.0,0.0,0.0,0.0,0.0,0.0,0.0,0.0,0.0,0.0,0.0,0.0
102,57.0,325.0,2.0,48.0,48.0,0.0,0.0,0.0,1.0,47.0,47.0,9.0,9.0,2.0,2.0,2.0,2.0,0.0,0.0,0.0,0.0,0.0,1.0,0.0,0.0,0.0,0.0,0.0,0.0,0.0
103,84.0,340.0,4.0,43.0,57.0,0.0,0.0,0.0,1.0,42.0,42.0,9.0,9.0,1.0,1.0,1.0,4.0,0.0,0.0,0.0,0.0,0.0,0.0,0.0,0.0,0.0,0.0,0.0,0.0,0.0
104,87.0,347.0,2.0,88.0,48.0,0.0,0.0,0.0,1.0,27.0,27.0,9.0,9.0,2.0,2.0,2.0,2.0,0.0,1.0,0.0,0.0,0.0,1.0,0.0,0.0,0.0,0.0,1.0,0.0,0.0
105,88.0,257.0,6.0,1173.0,0.0,0.0,0.0,0.0,1.0,356.0,356.0,29.0,29.0,4.0,4.0,4.0,12.0,0.0,0.0,0.0,0.0,0.0,0.0,0.0,0.0,0.0,0.0,0.0,0.0,0.0
106,37.0,313.0,1.0,50.0,9.0,0.0,0.0,0.0,1.0,27.0,27.0,9.0,9.0,2.0,2.0,2.0,1.0,0.0,1.0,0.0,0.0,0.0,0.0,0.0,0.0,0.0,0.0,0.0,0.0,0.0
107,37.0,408.0,1.0,32.0,54.0,1.0,0.0,0.0,1.0,31.0,31.0,5.0,5.0,2.0,2.0,2.0,1.0,1.0,0.0,0.0,0.0,0.0,1.0,0.0,0.0,0.0,0.0,0.0,0.0,0.0
108,353.0,346.0,47.0,4024.0,47.0,0.0,0.0,5.0,1.0,972.0,972.0,134.0,134.0,4.0,4.0,3.0,94.0,0.0,16.0,0.0,0.0,0.0,0.0,0.0,0.0,0.0,0.0,0.0,0.0,0.0
109,85.0,403.0,2.0,98.0,55.0,1.0,0.0,8.0,1.0,97.0,97.0,20.0,20.0,2.0,2.0,2.0,2.0,1.0,0.0,0.0,0.0,0.0,0.0,0.0,0.0,0.0,0.0,0.0,0.0,0.0
110,40.0,403.0,2.0,75.0,55.0,1.0,0.0,2.0,1.0,74.0,74.0,12.0,12.0,2.0,2.0,2.0,2.0,1.0,0.0,0.0,0.0,0.0,0.0,0.0,0.0,0.0,0.0,0.0,0.0,0.0
111,38.0,351.0,4.0,154.0,48.0,0.0,0.0,0.0,1.0,153.0,153.0,19.0,19.0,2.0,2.0,2.0,4.0,0.0,0.0,0.0,0.0,0.0,1.0,0.0,0.0,0.0,0.0,0.0,0.0,2.0
112,78.0,394.0,18.0,346.0,29.0,1.0,0.0,0.0,1.0,68.0,68.0,25.0,25.0,2.0,2.0,2.0,18.0,2.0,3.0,0.0,0.0,0.0,0.0,0.0,0.0,0.0,0.0,0.0,0.0,4.0
113,74.0,332.0,20.0,556.0,41.0,0.0,0.0,0.0,1.0,67.0,67.0,30.0,30.0,4.0,4.0,3.0,20.0,0.0,5.0,0.0,0.0,0.0,0.0,0.0,0.0,0.0,0.0,0.0,0.0,0.0
114,57.0,331.0,6.0,684.0,33.0,0.0,0.0,0.0,1.0,207.0,207.0,24.0,24.0,4.0,4.0,3.0,12.0,0.0,3.0,0.0,0.0,0.0,0.0,0.0,0.0,0.0,0.0,0.0,0.0,0.0
115,68.0,342.0,3.0,184.0,24.0,0.0,0.0,0.0,1.0,181.0,181.0,66.0,66.0,1.0,1.0,1.0,3.0,0.0,0.0,2.0,2.0,0.0,0.0,1.0,0.0,0.0,0.0,0.0,0.0,0.0
116,71.0,299.0,8.0,49.0,8.0,0.0,0.0,0.0,1.0,48.0,48.0,13.0,13.0,1.0,1.0,1.0,8.0,0.0,0.0,0.0,0.0,0.0,0.0,0.0,0.0,0.0,0.0,0.0,0.0,0.0
117,50.0,326.0,4.0,247.0,9.0,1.0,0.0,0.0,1.0,112.0,112.0,50.0,50.0,2.0,2.0,2.0,4.0,2.0,2.0,3.0,4.0,0.0,0.0,1.0,0.0,0.0,0.0,4.0,1.0,0.0
118,95.0,581.0,1.0,171.0,13.0,0.0,0.0,1.0,1.0,29.0,29.0,26.0,26.0,0.0,0.0,2.0,1.0,0.0,6.0,0.0,0.0,0.0,0.0,1.0,0.0,0.0,0.0,0.0,0.0,0.0
119,87.0,283.0,1.0,39.0,0.0,0.0,0.0,21.0,0.0,38.0,38.0,26.0,26.0,2.0,2.0,2.0,1.0,0.0,0.0,0.0,0.0,0.0,0.0,1.0,0.0,0.0,0.0,0.0,0.0,0.0
120,71.0,293.0,8.0,223.0,1.0,0.0,0.0,3.0,1.0,73.0,73.0,20.0,20.0,2.0,2.0,2.0,8.0,0.0,2.0,0.0,0.0,0.0,0.0,0.0,0.0,0.0,0.0,0.0,0.0,4.0
121,34.0,332.0,2.0,104.0,26.0,0.0,0.0,1.0,1.0,42.0,42.0,15.0,15.0,6.0,6.0,4.0,4.0,0.0,2.0,0.0,0.0,0.0,0.0,0.0,0.0,0.0,0.0,0.0,0.0,0.0
122,378.0,404.0,6.0,3859.0,27.0,0.0,0.0,0.0,1.0,471.0,471.0,469.0,469.0,0.0,0.0,5.0,0.0,0.0,53.0,0.0,0.0,0.0,0.0,1.0,0.0,0.0,0.0,0.0,0.0,0.0
123,54.0,398.0,18.0,306.0,43.0,0.0,0.0,0.0,1.0,81.0,81.0,29.0,29.0,6.0,6.0,4.0,21.0,0.0,3.0,0.0,0.0,0.0,0.0,0.0,0.0,0.0,0.0,0.0,0.0,8.0
124,81.0,384.0,16.0,474.0,36.0,0.0,0.0,0.0,1.0,70.0,70.0,29.0,29.0,6.0,6.0,4.0,17.0,0.0,5.0,0.0,0.0,0.0,0.0,0.0,0.0,0.0,0.0,0.0,0.0,2.0
125,341.0,232.0,4.0,44.0,0.0,0.0,0.0,0.0,1.0,43.0,43.0,14.0,14.0,1.0,1.0,1.0,4.0,0.0,0.0,0.0,0.0,0.0,1.0,0.0,0.0,0.0,0.0,0.0,0.0,0.0
126,39.0,405.0,2.0,113.0,25.0,0.0,0.0,0.0,1.0,57.0,57.0,51.0,51.0,0.0,0.0,2.0,2.0,0.0,10.0,0.0,0.0,0.0,0.0,2.0,0.0,0.0,0.0,0.0,0.0,0.0
127,391.0,251.0,80.0,270.0,0.0,0.0,0.0,0.0,1.0,269.0,269.0,80.0,80.0,1.0,1.0,1.0,80.0,0.0,0.0,0.0,0.0,0.0,0.0,0.0,0.0,0.0,0.0,0.0,0.0,0.0
128,49.0,303.0,6.0,31.0,8.0,0.0,0.0,0.0,1.0,30.0,30.0,6.0,6.0,1.0,1.0,1.0,6.0,0.0,0.0,0.0,0.0,0.0,0.0,0.0,0.0,0.0,0.0,0.0,0.0,0.0
129,36.0,196.0,5.0,45.0,0.0,0.0,0.0,0.0,1.0,44.0,44.0,13.0,13.0,2.0,2.0,2.0,5.0,0.0,0.0,0.0,0.0,0.0,0.0,0.0,0.0,0.0,0.0,0.0,0.0,0.0
130,31.0,303.0,3.0,40.0,8.0,0.0,0.0,0.0,1.0,39.0,39.0,11.0,11.0,2.0,2.0,2.0,3.0,0.0,0.0,0.0,0.0,0.0,0.0,0.0,0.0,0.0,0.0,0.0,0.0,0.0
131,42.0,303.0,6.0,51.0,8.0,0.0,0.0,0.0,1.0,50.0,50.0,14.0,14.0,2.0,2.0,2.0,6.0,0.0,0.0,0.0,0.0,0.0,0.0,0.0,0.0,0.0,0.0,0.0,0.0,0.0
132,79.0,322.0,14.0,77.0,44.0,0.0,0.0,0.0,1.0,76.0,76.0,23.0,23.0,2.0,2.0,2.0,14.0,0.0,0.0,0.0,0.0,0.0,0.0,0.0,0.0,0.0,0.0,0.0,0.0,0.0
133,48.0,303.0,7.0,51.0,8.0,0.0,0.0,0.0,1.0,50.0,50.0,15.0,15.0,2.0,2.0,2.0,7.0,0.0,0.0,0.0,0.0,0.0,0.0,0.0,0.0,0.0,0.0,0.0,0.0,0.0
134,38.0,310.0,8.0,58.0,8.0,0.0,0.0,0.0,1.0,57.0,57.0,16.0,16.0,2.0,2.0,2.0,8.0,0.0,0.0,0.0,0.0,0.0,0.0,0.0,0.0,0.0,0.0,0.0,0.0,0.0
135,33.0,303.0,4.0,25.0,8.0,0.0,0.0,0.0,1.0,24.0,24.0,4.0,4.0,1.0,1.0,1.0,4.0,0.0,0.0,0.0,0.0,0.0,0.0,0.0,0.0,0.0,0.0,0.0,0.0,0.0
136,56.0,307.0,5.0,53.0,8.0,0.0,0.0,0.0,1.0,52.0,52.0,17.0,17.0,2.0,2.0,2.0,5.0,0.0,0.0,0.0,0.0,0.0,0.0,0.0,0.0,0.0,0.0,0.0,0.0,0.0
137,36.0,299.0,2.0,27.0,8.0,0.0,0.0,0.0,1.0,26.0,26.0,6.0,6.0,1.0,1.0,1.0,2.0,0.0,0.0,0.0,0.0,0.0,0.0,0.0,0.0,0.0,0.0,0.0,0.0,0.0
138,43.0,307.0,2.0,46.0,8.0,0.0,0.0,0.0,1.0,45.0,45.0,15.0,15.0,2.0,2.0,2.0,2.0,0.0,0.0,0.0,0.0,0.0,0.0,0.0,0.0,0.0,0.0,0.0,0.0,0.0
139,49.0,299.0,5.0,33.0,8.0,0.0,0.0,0.0,1.0,32.0,32.0,8.0,8.0,1.0,1.0,1.0,5.0,0.0,0.0,0.0,0.0,0.0,0.0,0.0,0.0,0.0,0.0,0.0,0.0,0.0
140,35.0,299.0,2.0,25.0,8.0,0.0,0.0,0.0,1.0,24.0,24.0,5.0,5.0,1.0,1.0,1.0,2.0,0.0,0.0,0.0,0.0,0.0,0.0,0.0,0.0,0.0,0.0,0.0,0.0,0.0
141,40.0,307.0,2.0,44.0,8.0,0.0,0.0,0.0,1.0,43.0,43.0,14.0,14.0,2.0,2.0,2.0,2.0,0.0,0.0,0.0,0.0,0.0,0.0,0.0,0.0,0.0,0.0,0.0,0.0,0.0
142,56.0,307.0,5.0,55.0,8.0,0.0,0.0,0.0,1.0,54.0,54.0,18.0,18.0,2.0,2.0,2.0,5.0,0.0,0.0,0.0,0.0,0.0,0.0,0.0,0.0,0.0,0.0,0.0,0.0,0.0
143,45.0,307.0,3.0,49.0,8.0,0.0,0.0,0.0,1.0,48.0,48.0,16.0,16.0,2.0,2.0,2.0,3.0,0.0,0.0,0.0,0.0,0.0,0.0,0.0,0.0,0.0,0.0,0.0,0.0,0.0
144,78.0,307.0,9.0,69.0,8.0,0.0,0.0,0.0,1.0,68.0,68.0,22.0,22.0,2.0,2.0,2.0,9.0,0.0,0.0,0.0,0.0,0.0,0.0,0.0,0.0,0.0,0.0,0.0,0.0,0.0
145,53.0,307.0,4.0,53.0,8.0,0.0,0.0,0.0,1.0,52.0,52.0,17.0,17.0,2.0,2.0,2.0,4.0,0.0,0.0,0.0,0.0,0.0,0.0,0.0,0.0,0.0,0.0,0.0,0.0,0.0
146,51.0,307.0,3.0,51.0,8.0,0.0,0.0,0.0,1.0,50.0,50.0,16.0,16.0,2.0,2.0,2.0,3.0,0.0,0.0,0.0,0.0,0.0,0.0,0.0,0.0,0.0,0.0,0.0,0.0,0.0
147,50.0,299.0,5.0,34.0,8.0,0.0,0.0,0.0,1.0,33.0,33.0,8.0,8.0,1.0,1.0,1.0,5.0,0.0,0.0,0.0,0.0,0.0,0.0,0.0,0.0,0.0,0.0,0.0,0.0,0.0
148,31.0,299.0,1.0,21.0,8.0,0.0,0.0,0.0,1.0,20.0,20.0,4.0,4.0,1.0,1.0,1.0,1.0,0.0,0.0,0.0,0.0,0.0,0.0,0.0,0.0,0.0,0.0,0.0,0.0,0.0
149,38.0,299.0,2.0,26.0,8.0,0.0,0.0,0.0,1.0,25.0,25.0,5.0,5.0,1.0,1.0,1.0,2.0,0.0,0.0,0.0,0.0,0.0,0.0,0.0,0.0,0.0,0.0,0.0,0.0,0.0
150,41.0,299.0,3.0,27.0,8.0,0.0,0.0,0.0,1.0,26.0,26.0,6.0,6.0,1.0,1.0,1.0,3.0,0.0,0.0,0.0,0.0,0.0,0.0,0.0,0.0,0.0,0.0,0.0,0.0,0.0
151,32.0,299.0,1.0,21.0,8.0,0.0,0.0,0.0,1.0,20.0,20.0,4.0,4.0,1.0,1.0,1.0,1.0,0.0,0.0,0.0,0.0,0.0,0.0,0.0,0.0,0.0,0.0,0.0,0.0,0.0
152,47.0,307.0,3.0,34.0,8.0,0.0,0.0,0.0,1.0,39.0,39.0,8.0,8.0,2.0,2.0,2.0,3.0,0.0,0.0,0.0,0.0,0.0,0.0,0.0,0.0,0.0,0.0,0.0,0.0,8.0
153,38.0,299.0,2.0,24.0,8.0,0.0,0.0,0.0,1.0,23.0,23.0,5.0,5.0,1.0,1.0,1.0,2.0,0.0,0.0,0.0,0.0,0.0,0.0,0.0,0.0,0.0,0.0,0.0,0.0,0.0
154,33.0,299.0,1.0,21.0,8.0,0.0,0.0,0.0,1.0,20.0,20.0,4.0,4.0,1.0,1.0,1.0,1.0,0.0,0.0,0.0,0.0,0.0,0.0,0.0,0.0,0.0,0.0,0.0,0.0,0.0
155,38.0,299.0,2.0,27.0,8.0,0.0,0.0,0.0,1.0,26.0,26.0,6.0,6.0,1.0,1.0,1.0,2.0,0.0,0.0,0.0,0.0,0.0,0.0,0.0,0.0,0.0,0.0,0.0,0.0,0.0
156,44.0,299.0,3.0,32.0,8.0,0.0,0.0,0.0,1.0,31.0,31.0,7.0,7.0,1.0,1.0,1.0,3.0,0.0,0.0,0.0,0.0,0.0,0.0,0.0,0.0,0.0,0.0,0.0,0.0,0.0
157,46.0,299.0,4.0,34.0,8.0,0.0,0.0,0.0,1.0,33.0,33.0,8.0,8.0,1.0,1.0,1.0,4.0,0.0,0.0,0.0,0.0,0.0,0.0,0.0,0.0,0.0,0.0,0.0,0.0,0.0
158,39.0,299.0,2.0,25.0,8.0,0.0,0.0,0.0,1.0,24.0,24.0,5.0,5.0,1.0,1.0,1.0,2.0,0.0,0.0,0.0,0.0,0.0,0.0,0.0,0.0,0.0,0.0,0.0,0.0,0.0
159,64.0,307.0,1.0,358.0,8.0,0.0,0.0,0.0,1.0,357.0,357.0,14.0,14.0,2.0,2.0,2.0,1.0,0.0,0.0,0.0,0.0,0.0,0.0,1.0,0.0,0.0,0.0,0.0,0.0,10.0
160,39.0,299.0,6.0,35.0,8.0,0.0,0.0,0.0,1.0,34.0,34.0,6.0,6.0,1.0,1.0,1.0,6.0,0.0,0.0,0.0,0.0,0.0,0.0,0.0,0.0,0.0,0.0,0.0,0.0,0.0
161,42.0,307.0,2.0,43.0,8.0,0.0,0.0,0.0,1.0,42.0,42.0,14.0,14.0,2.0,2.0,2.0,2.0,0.0,0.0,0.0,0.0,0.0,0.0,0.0,0.0,0.0,0.0,0.0,0.0,0.0
162,48.0,347.0,1.0,46.0,23.0,0.0,0.0,0.0,1.0,46.0,46.0,8.0,8.0,3.0,3.0,3.0,2.0,0.0,0.0,0.0,0.0,0.0,0.0,0.0,0.0,0.0,0.0,0.0,0.0,12.0
163,46.0,397.0,2.0,47.0,73.0,0.0,0.0,0.0,1.0,48.0,48.0,7.0,7.0,2.0,2.0,2.0,2.0,0.0,0.0,0.0,0.0,0.0,0.0,0.0,0.0,0.0,0.0,0.0,0.0,16.0
164,60.0,331.0,3.0,69.0,57.0,0.0,0.0,0.0,1.0,96.0,96.0,17.0,17.0,4.0,4.0,4.0,3.0,0.0,0.0,0.0,0.0,0.0,0.0,0.0,0.0,0.0,0.0,0.0,0.0,32.0
165,46.0,304.0,2.0,35.0,30.0,0.0,0.0,0.0,1.0,36.0,36.0,7.0,7.0,2.0,2.0,2.0,2.0,0.0,0.0,0.0,0.0,0.0,0.0,0.0,0.0,0.0,0.0,0.0,0.0,4.0
166,46.0,360.0,2.0,53.0,52.0,0.0,0.0,0.0,1.0,60.0,60.0,15.0,15.0,3.0,3.0,3.0,2.0,0.0,0.0,0.0,0.0,0.0,0.0,0.0,0.0,0.0,0.0,0.0,0.0,12.0
167,59.0,307.0,3.0,109.0,8.0,0.0,0.0,0.0,1.0,108.0,108.0,15.0,15.0,2.0,2.0,2.0,3.0,0.0,0.0,0.0,0.0,0.0,0.0,1.0,0.0,0.0,0.0,0.0,0.0,14.0
168,50.0,310.0,4.0,32.0,22.0,0.0,0.0,0.0,1.0,31.0,31.0,8.0,8.0,1.0,1.0,1.0,4.0,0.0,0.0,0.0,0.0,0.0,0.0,0.0,0.0,0.0,0.0,0.0,0.0,0.0
169,51.0,307.0,3.0,49.0,8.0,0.0,0.0,0.0,1.0,48.0,48.0,15.0,15.0,2.0,2.0,2.0,3.0,0.0,0.0,0.0,0.0,0.0,0.0,0.0,0.0,0.0,0.0,0.0,0.0,12.0
170,331.0,390.0,2.0,209.0,28.0,0.0,0.0,0.0,1.0,222.0,222.0,77.0,77.0,4.0,4.0,4.0,5.0,0.0,0.0,1.0,4.0,0.0,0.0,3.0,0.0,0.0,0.0,0.0,0.0,18.0
171,44.0,391.0,2.0,56.0,60.0,0.0,0.0,0.0,1.0,45.0,45.0,8.0,8.0,2.0,2.0,2.0,2.0,0.0,0.0,0.0,0.0,0.0,0.0,0.0,0.0,0.0,0.0,0.0,0.0,10.0
172,43.0,314.0,1.0,32.0,40.0,0.0,0.0,0.0,1.0,34.0,34.0,7.0,7.0,2.0,2.0,2.0,2.0,0.0,0.0,0.0,0.0,0.0,0.0,0.0,0.0,0.0,0.0,0.0,0.0,2.0
173,54.0,401.0,2.0,134.0,57.0,0.0,0.0,0.0,1.0,133.0,133.0,14.0,14.0,2.0,2.0,2.0,2.0,0.0,0.0,0.0,0.0,0.0,0.0,1.0,0.0,0.0,0.0,0.0,0.0,10.0
174,55.0,301.0,3.0,99.0,16.0,0.0,0.0,0.0,1.0,98.0,98.0,16.0,16.0,2.0,2.0,2.0,3.0,0.0,0.0,0.0,0.0,0.0,0.0,1.0,0.0,0.0,0.0,0.0,0.0,6.0
175,47.0,335.0,2.0,66.0,61.0,0.0,0.0,0.0,1.0,65.0,65.0,15.0,15.0,2.0,2.0,2.0,2.0,0.0,0.0,0.0,0.0,0.0,0.0,0.0,0.0,0.0,0.0,0.0,0.0,14.0
176,69.0,360.0,7.0,88.0,58.0,0.0,0.0,0.0,1.0,87.0,87.0,20.0,20.0,2.0,2.0,2.0,7.0,0.0,0.0,0.0,0.0,0.0,0.0,0.0,0.0,0.0,0.0,0.0,0.0,18.0
177,44.0,307.0,2.0,54.0,8.0,0.0,0.0,0.0,1.0,53.0,53.0,14.0,14.0,2.0,2.0,2.0,2.0,0.0,0.0,0.0,0.0,0.0,0.0,0.0,0.0,0.0,0.0,0.0,0.0,4.0
178,48.0,299.0,4.0,33.0,8.0,0.0,0.0,0.0,1.0,32.0,32.0,8.0,8.0,1.0,1.0,1.0,4.0,0.0,0.0,0.0,0.0,0.0,0.0,0.0,0.0,0.0,0.0,0.0,0.0,0.0
179,54.0,358.0,5.0,38.0,42.0,0.0,0.0,0.0,1.0,37.0,37.0,10.0,10.0,1.0,1.0,1.0,5.0,0.0,0.0,0.0,0.0,0.0,0.0,0.0,0.0,0.0,0.0,0.0,0.0,0.0
180,56.0,312.0,5.0,54.0,23.0,0.0,0.0,0.0,1.0,53.0,53.0,18.0,18.0,2.0,2.0,2.0,5.0,0.0,0.0,0.0,0.0,0.0,0.0,0.0,0.0,0.0,0.0,0.0,0.0,6.0
181,53.0,318.0,4.0,57.0,23.0,0.0,0.0,0.0,1.0,56.0,56.0,18.0,18.0,2.0,2.0,2.0,4.0,0.0,0.0,0.0,0.0,0.0,0.0,0.0,0.0,0.0,0.0,0.0,0.0,12.0
182,61.0,336.0,2.0,88.0,23.0,1.0,0.0,0.0,1.0,87.0,87.0,19.0,19.0,2.0,2.0,2.0,2.0,1.0,0.0,0.0,0.0,0.0,0.0,1.0,0.0,0.0,0.0,0.0,0.0,14.0
183,41.0,322.0,1.0,63.0,23.0,0.0,0.0,0.0,1.0,62.0,62.0,15.0,15.0,2.0,2.0,2.0,1.0,0.0,0.0,0.0,0.0,0.0,0.0,0.0,0.0,0.0,0.0,0.0,0.0,12.0
184,89.0,355.0,3.0,262.0,23.0,1.0,0.0,0.0,1.0,261.0,261.0,24.0,24.0,2.0,2.0,2.0,3.0,1.0,0.0,0.0,0.0,0.0,0.0,0.0,0.0,0.0,0.0,0.0,0.0,12.0
185,95.0,336.0,4.0,306.0,23.0,1.0,0.0,0.0,1.0,305.0,305.0,26.0,26.0,2.0,2.0,2.0,4.0,1.0,0.0,0.0,0.0,0.0,1.0,1.0,0.0,0.0,0.0,0.0,0.0,8.0
186,95.0,342.0,3.0,292.0,23.0,1.0,0.0,0.0,1.0,291.0,291.0,26.0,26.0,2.0,2.0,2.0,3.0,1.0,0.0,0.0,0.0,0.0,0.0,0.0,0.0,0.0,0.0,0.0,0.0,10.0
187,94.0,336.0,4.0,283.0,23.0,1.0,0.0,0.0,1.0,282.0,282.0,26.0,26.0,2.0,2.0,2.0,4.0,1.0,0.0,0.0,0.0,0.0,0.0,0.0,0.0,0.0,0.0,0.0,0.0,10.0
188,74.0,332.0,2.0,201.0,34.0,1.0,0.0,0.0,1.0,200.0,200.0,24.0,24.0,2.0,2.0,2.0,2.0,1.0,0.0,0.0,0.0,0.0,0.0,0.0,0.0,0.0,0.0,0.0,0.0,20.0
189,72.0,321.0,2.0,208.0,23.0,1.0,0.0,0.0,1.0,207.0,207.0,25.0,25.0,2.0,2.0,2.0,2.0,1.0,0.0,0.0,0.0,0.0,0.0,0.0,0.0,0.0,0.0,0.0,0.0,18.0
190,50.0,336.0,2.0,86.0,23.0,1.0,0.0,0.0,1.0,85.0,85.0,17.0,17.0,2.0,2.0,2.0,2.0,1.0,0.0,0.0,0.0,0.0,0.0,0.0,0.0,0.0,0.0,0.0,0.0,18.0
191,55.0,321.0,2.0,75.0,23.0,1.0,0.0,0.0,1.0,74.0,74.0,18.0,18.0,2.0,2.0,2.0,2.0,1.0,0.0,0.0,0.0,0.0,0.0,0.0,0.0,0.0,0.0,0.0,0.0,10.0
192,64.0,451.0,2.0,167.0,75.0,1.0,0.0,0.0,1.0,166.0,166.0,24.0,24.0,2.0,2.0,2.0,2.0,1.0,0.0,0.0,0.0,0.0,0.0,0.0,0.0,0.0,0.0,0.0,0.0,8.0
193,68.0,299.0,8.0,49.0,8.0,0.0,0.0,0.0,1.0,48.0,48.0,12.0,12.0,1.0,1.0,1.0,8.0,0.0,0.0,0.0,0.0,0.0,0.0,0.0,0.0,0.0,0.0,0.0,0.0,0.0
194,51.0,485.0,2.0,85.0,75.0,1.0,0.0,0.0,1.0,84.0,84.0,16.0,16.0,2.0,2.0,2.0,2.0,1.0,0.0,0.0,0.0,0.0,0.0,0.0,0.0,0.0,0.0,0.0,0.0,28.0
195,65.0,414.0,5.0,75.0,46.0,1.0,0.0,0.0,1.0,74.0,74.0,23.0,23.0,2.0,2.0,2.0,5.0,2.0,0.0,0.0,0.0,0.0,1.0,0.0,0.0,0.0,0.0,0.0,0.0,13.0
196,49.0,426.0,2.0,61.0,64.0,1.0,0.0,0.0,1.0,60.0,60.0,16.0,16.0,2.0,2.0,2.0,2.0,2.0,0.0,0.0,0.0,0.0,1.0,0.0,0.0,0.0,0.0,0.0,0.0,16.0
197,58.0,409.0,2.0,67.0,44.0,1.0,0.0,0.0,1.0,66.0,66.0,17.0,17.0,2.0,2.0,2.0,2.0,1.0,0.0,0.0,0.0,0.0,0.0,0.0,0.0,0.0,0.0,0.0,0.0,8.0
198,77.0,355.0,5.0,200.0,68.0,1.0,0.0,0.0,1.0,199.0,199.0,19.0,19.0,2.0,2.0,2.0,5.0,1.0,0.0,0.0,0.0,0.0,1.0,1.0,0.0,0.0,0.0,0.0,0.0,12.0
199,59.0,331.0,4.0,78.0,8.0,1.0,0.0,0.0,1.0,77.0,77.0,17.0,17.0,2.0,2.0,2.0,4.0,1.0,0.0,0.0,0.0,0.0,0.0,0.0,0.0,0.0,0.0,0.0,0.0,20.0
